image_id,branch
3321,0
6512,0
1518,0
2520,0
6615,0
2503,0
2914,0
2806,0
4783,0
1360,0
2524,0
3014,0
3246,0
2972,0
9228,0
6407,0
4546,0
2541,0
2666,0
627,0
944,0
8907,0
135,0
4759,0
3115,0
7672,0
3794,0
3779,0
535,0
8246,0
5187,0
7346,0
9174,0
692,0
5394,0
6942,0
6867,0
2475,0
7955,0
2477,0
2379,0
8687,0
7209,0
6562,0
4383,0
1768,0
1088,0
7081,0
4552,0
6031,0
2684,0
7165,0
6437,0
6099,0
57,0
4796,0
8067,0
7885,0
5532,0
9057,0
6427,0
6368,0
2712,0
8719,0
5492,0
9260,0
3479,0
9692,0
2270,0
6896,0
3201,0
8393,0
5267,0
6175,0
433,0
1426,0
2574,0
8110,0
565,0
3975,0
8266,0
771,0
5726,0
7850,0
3141,0
615,0
1853,0
882,0
3398,0
2324,0
942,0
3808,0
4509,0
2174,0
5974,0
2796,0
3868,0
6724,0
424,0
2987,0
4075,0
9320,0
3844,0
9224,0
8558,0
4495,0
295,0
1865,0
3296,0
9186,0
9488,0
843,0
5153,0
5724,0
203,0
755,0
1228,0
5158,0
4434,0
6215,0
1392,0
8359,0
1317,0
3380,0
3946,0
6513,0
6628,0
1825,0
262,0
7065,0
2638,0
3858,0
639,0
8060,0
5813,0
5767,0
2258,0
8915,0
6973,0
3707,0
8397,0
8949,0
5486,0
5212,0
8371,0
1758,0
8701,0
7635,0
6929,0
3537,0
1419,0
7866,0
8050,0
9382,0
1467,0
1376,0
1553,0
3400,0
2119,0
451,0
592,0
47,0
8000,0
3159,0
9696,0
479,0
6613,0
3302,0
7060,0
3151,0
3304,0
6380,0
6155,0
9402,0
1052,0
1681,0
5730,0
2127,0
7047,0
4157,0
8801,0
7023,0
3848,0
6291,0
6845,0
7259,0
3274,0
402,0
4744,0
4516,0
4466,0
930,0
67,0
5848,0
3575,0
5702,0
5402,0
3314,0
841,0
3024,0
761,0
8815,0
1723,0
7189,0
9282,0
7794,0
9508,0
5235,0
1184,0
4725,0
3080,0
7146,0
6423,0
8868,0
6308,0
4391,0
8639,0
8846,0
6786,0
5466,0
2526,0
6389,0
1817,0
7322,0
7893,0
2956,0
2595,0
5261,0
6945,0
3163,0
8999,0
3725,0
6339,0
8311,0
2418,0
8285,0
2389,0
6581,0
1611,0
9644,0
751,0
3635,0
8092,0
1417,0
1897,0
2660,0
8112,0
3705,0
1141,0
5478,0
90,0
3639,0
4389,0
3266,0
4153,0
8466,0
7786,0
6129,0
2534,0
7083,0
4767,0
3675,0
1770,0
8494,0
7639,0
1682,0
6269,0
790,0
59,0
8104,0
8462,0
2266,0
7000,0
894,0
9512,0
5003,0
3540,0
1333,0
7832,0
7889,0
4337,0
4574,0
9384,0
1496,0
9637,0
3310,0
5856,0
8034,0
3978,0
1811,0
6195,0
6517,0
3929,0
9240,0
8256,0
9748,0
4478,0
9061,0
8464,0
483,0
559,0
781,0
1953,0
4472,0
3890,0
4379,0
6205,0
8596,0
4871,0
1968,0
1977,0
7120,0
5460,0
2896,0
6469,0
8985,0
1710,0
978,0
2260,0
539,0
5751,0
9684,0
7571,0
7625,0
412,0
1236,0
1905,0
2740,0
5286,0
2842,0
9047,0
2694,0
7939,0
173,0
4015,0
7828,0
6095,0
8142,0
2634,0
9518,0
6273,0
2331,0
5928,0
6376,0
9603,0
8379,0
8290,0
8562,0
4911,0
5420,0
3667,0
2383,0
7988,0
2434,0
1283,0
3117,0
6580,0
1673,0
5698,0
9767,0
5292,0
3102,0
3695,0
3326,0
7858,1
2942,1
4884,1
223,1
8482,1
6405,1
5304,1
7040,1
3197,1
107,1
9025,1
7107,1
7276,1
6790,1
3002,1
6818,1
9194,1
9290,1
2426,1
6431,1
5348,1
6331,1
4638,1
3826,1
8286,1
9328,1
4161,1
5799,1
8178,1
198,1
6199,1
55,1
5918,1
5842,1
2920,1
2231,1
731,1
1252,1
5374,1
4245,1
8434,1
3846,1
8773,1
4309,1
7875,1
4518,1
799,1
5840,1
6372,1
5761,1
2822,1
2409,1
8825,1
7211,1
8480,1
5793,1
8058,1
2182,1
2204,1
3617,1
390,1
1646,1
7216,1
7654,1
3969,1
946,1
3711,1
7784,1
8323,1
6213,1
5416,1
986,1
900,1
2422,1
2206,1
1478,1
6553,1
9031,1
5946,1
9158,1
7731,1
8965,1
6441,1
8779,1
1679,1
8727,1
3388,1
2804,1
2770,1
9412,1
5475,1
6089,1
8991,1
4733,1
1092,1
9312,1
1698,1
171,1
9759,1
4820,1
3558,1
9015,1
8156,1
6439,1
7666,1
217,1
7682,1
3979,1
1181,1
7113,1
9462,1
481,1
4524,1
7772,1
1068,1
3745,1
9017,1
1486,1
4532,1
3830,1
2758,1
1125,1
2646,1
6738,1
5428,1
8510,1
5288,1
5805,1
4680,1
2939,1
9440,1
6053,1
3328,1
6576,1
8888,1
9110,1
9408,1
2951,1
463,1
5396,1
475,1
6107,1
1423,1
6468,1
3008,1
9085,1
2428,1
6826,1
1484,1
2958,1
4019,1
996,1
3231,1
3432,1
1500,1
5759,1
7802,1
633,1
4678,1
4239,1
5269,1
3121,1
528,1
2997,1
3452,1
3627,1
515,1
7814,1
3519,1
2736,1
1963,1
2,1
7870,1
2632,1
8675,1
3934,1
1046,1
1268,1
6183,1
5981,1
2147,1
9242,1
1158,1
3593,1
3250,1
1258,1
583,1
668,1
9678,1
3036,1
764,1
6710,1
9737,1
205,1
78,1
9029,1
6758,1
1754,1
8404,1
8942,1
2597,1
2092,1
3459,1
8534,1
3272,1
1744,1
8624,1
8288,1
167,1
522,1
940,1
1436,1
7907,1
6537,1
1471,1
8020,1
3884,1
2451,1
2570,1
8833,1
8963,1
5534,1
4357,1
5686,1
3213,1
4269,1
938,1
6312,1
260,1
9274,1
8412,1
4876,1
1609,1
2236,1
2176,1
5320,1
1264,1
5450,1
9721,1
6808,1
8546,1
912,1
4216,1
9294,1
1615,1
7292,1
6611,1
4513,1
7959,1
1400,1
8128,1
5574,1
964,1
6903,1
1050,1
6792,1
129,1
7043,1
3086,1
7968,1
471,1
3834,1
6746,1
6443,1
4233,1
2220,1
9250,1
3006,1
7262,1
3414,1
8564,1
6077,1
8951,1
2066,1
2952,1
1776,1
6008,1
722,1
3356,1
38,1
9077,1
279,1
2726,1
2483,1
1010,1
1311,1
1188,1
5442,1
1349,1
973,1
6583,1
8273,1
5037,1
4608,1
9460,1
4315,1
215,1
2037,1
1296,1
6653,1
372,1
4978,1
175,1
8316,1
5967,1
2096,1
3552,1
6105,1
3981,1
5930,1
8054,1
1595,1
9670,1
3508,1
3548,1
2984,1
386,1
3477,1
7252,1
2497,1
5621,1
3241,1
5871,1
7800,1
1946,1
1241,1
3631,1
7935,1
7199,1
5298,1
2587,1
9474,1
8917,1
1300,1
553,1
8661,1
8957,1
2628,1
670,1
8292,1
7553,1
8470,1
2966,1
5354,1
7650,1
6249,1
6141,1
368,1
6012,1
876,1
1040,1
8174,1
766,1
7754,1
8739,1
2447,1
4731,1
294,1
4123,1
1925,1
4501,1
860,1
4548,1
4706,1
9170,2
8430,2
794,2
9741,2
1086,2
7696,2
4227,2
7202,2
1190,2
2459,2
6295,2
1256,2
12,2
5647,2
2130,2
4287,2
815,2
7953,2
680,2
6901,2
9579,2
7750,2
5390,2
382,2
6320,2
7818,2
323,2
209,2
2662,2
1815,2
1726,2
2702,2
251,2
7990,2
241,2
4323,2
1382,2
2075,2
2611,2
1997,2
8626,2
6171,2
645,2
4452,2
271,2
8097,2
6493,2
2191,2
8520,2
6227,2
3860,2
8823,2
9713,2
3719,2
3595,2
8860,2
5412,2
5972,2
6568,2
5617,2
133,2
146,2
5736,2
2100,2
7615,2
3971,2
7235,2
6284,2
5706,2
1827,2
6203,2
5603,2
8188,2
8146,2
3225,2
4684,2
4087,2
36,2
1671,2
5903,2
4570,2
6720,2
1090,2
898,2
5550,2
7974,2
3097,2
2560,2
6316,2
4371,2
1637,2
4059,2
6843,2
5985,2
350,2
1298,2
2113,2
1987,2
1108,2
573,2
2577,2
8377,2
1176,2
4171,2
2744,2
593,2
4385,2
8651,2
6413,2
3932,2
4806,2
9727,2
5668,2
5518,2
6364,2
2095,2
3205,2
7200,2
8923,2
1148,2
9134,2
9234,2
8341,2
1216,2
3854,2
8799,2
7075,2
8866,2
6079,2
7976,2
6425,2
8785,2
3763,2
6027,2
737,2
4920,2
1398,2
1702,2
657,2
9122,2
8028,2
6820,2
3767,2
3589,2
1270,2
8329,2
9132,2
5887,2
8160,2
4489,2
289,2
4566,2
6244,2
1434,2
1980,2
813,2
4319,2
8124,2
9611,2
4119,2
8606,2
5243,2
1291,2
8572,2
5556,2
4416,2
2621,2
2117,2
227,2
3203,2
3880,2
663,2
3332,2
9432,2
4781,2
9198,2
4793,2
3757,2
6713,2
3402,2
4321,2
8030,2
4746,2
8504,2
1396,2
5883,2
747,2
7602,2
4003,2
6113,2
8307,2
6033,2
1653,2
5202,2
3759,2
974,2
9572,2
103,2
557,2
3342,2
3030,2
1196,2
5885,2
1160,2
7842,2
2357,2
9288,2
8426,2
2509,2
3536,2
3643,2
7941,2
8809,2
1372,2
2152,2
3683,2
968,2
343,2
3473,2
749,2
5708,2
6630,2
5378,2
956,2
8689,2
5757,2
5548,2
2906,2
5978,2
3991,2
3155,2
9368,2
5227,2
7790,2
5637,2
6587,2
2293,2
4864,2
2105,2
4650,2
7733,2
1359,2
2316,2
9252,2
5740,2
4826,2
404,2
8200,2
7555,2
9041,2
7610,2
1094,2
8367,2
3076,2
7798,2
8420,2
8977,2
4586,2
9700,2
7692,2
6083,2
6397,2
5704,2
9617,2
6815,2
301,2
5781,2
5809,2
4658,2
1206,2
6246,2
1909,2
1244,2
8930,2
4775,2
3352,2
2463,2
966,2
9668,2
1058,2
9544,2
1287,2
2083,2
1054,2
7764,2
9442,2
1438,2
487,2
8753,2
5797,2
5688,2
1921,2
8932,2
7027,2
8458,2
1124,2
9164,2
4789,2
1516,2
8500,2
767,2
388,2
4021,2
179,2
2516,2
3571,2
3775,2
3322,2
4037,2
4468,2
1048,2
5524,2
1835,2
5834,2
9216,2
9292,2
7087,2
6831,2
4043,2
1930,2
9248,2
5160,2
7232,2
4057,2
827,2
8961,2
8298,2
597,2
3004,2
9739,2
418,2
7992,2
4614,2
4267,2
2043,2
1961,2
1603,2
9694,2
9500,2
6073,2
3888,2
6958,2
2020,2
8940,2
5990,2
416,2
8436,2
9599,2
8691,2
8765,2
1784,2
1345,2
661,2
1479,2
5225,2
414,2
2603,2
4412,2
1573,2
4777,2
2696,2
8813,2
7563,2
2530,2
2754,3
18,3
2274,3
8645,3
3545,3
4849,3
1543,3
9300,3
2876,3
2031,3
2200,3
6734,3
337,3
4664,3
4554,3
459,3
924,3
2583,3
4644,3
8864,3
6626,3
6501,3
5346,3
1074,3
8309,3
7881,3
6954,3
9676,3
6282,3
5609,3
2244,3
6049,3
5358,3
980,3
4690,3
6742,3
8544,3
7011,3
1044,3
783,3
4824,3
5520,3
147,3
8817,3
499,3
1459,3
9214,3
6023,3
3306,3
1938,3
1766,3
7171,3
3850,3
3549,3
366,3
5789,3
1104,3
4503,3
7623,3
4303,3
3852,3
2732,3
6794,3
2568,3
7575,3
9746,3
7136,3
3334,3
6191,3
4125,3
1168,3
1704,3
792,3
6564,3
8979,3
3382,3
4139,3
6780,3
6487,3
3922,3
9564,3
239,3
2617,3
2098,3
2351,3
237,3
5678,3
316,3
4143,3
9717,3
7998,3
8180,3
2178,3
5773,3
1366,3
7780,3
86,3
4106,3
3127,3
1558,3
7021,3
2045,3
6539,3
6788,3
7264,3
2256,3
5963,3
1470,3
5448,3
2412,3
605,3
3068,3
4351,3
1809,3
2636,3
9276,3
6927,3
4454,3
7353,3
8024,3
6067,3
5895,3
3737,3
8647,3
3482,3
4616,3
3237,3
1819,3
1136,3
1306,3
5498,3
8486,3
4520,3
4131,3
2854,3
6491,3
886,3
9356,3
8737,3
6834,3
9506,3
9148,3
7877,3
9146,3
6010,3
8795,3
5444,3
6752,3
2006,3
2149,3
8803,3
7281,3
9625,3
1970,3
3678,3
3838,3
2605,3
6145,3
9648,3
6081,3
729,3
1144,3
4634,3
8126,3
9424,3
8751,3
4763,3
914,3
1226,3
9562,3
8303,3
9619,3
298,3
137,3
4251,3
4642,3
501,3
2648,3
325,3
3665,3
4626,3
5318,3
8351,3
94,3
4812,3
4,3
7261,3
6750,3
7792,3
3578,3
4203,3
5251,3
4150,3
6280,3
4458,3
4536,3
1502,3
8899,3
3607,3
6306,3
2862,3
3173,3
6020,3
7205,3
5388,3
1720,3
121,3
7296,3
3501,3
7549,3
3729,3
2228,3
4099,3
6115,3
3597,3
8216,3
3376,3
2766,3
2365,3
9065,3
1557,3
3587,3
7128,3
3638,3
693,3
5864,3
8006,3
2784,3
5578,3
7644,3
1492,3
9150,3
5914,3
9550,3
1581,3
4276,3
7840,3
2890,3
868,3
8355,3
741,3
8793,3
8783,3
8715,3
2054,3
5877,3
6235,3
1760,3
5558,3
8102,3
4598,3
5224,3
5696,3
5280,3
7585,3
2886,3
7970,3
4301,3
5512,3
3747,3
5504,3
63,3
5860,3
2430,3
1415,3
304,3
8954,3
9284,3
735,3
5216,3
8532,3
1795,3
4191,3
9326,3
7949,3
4225,3
682,3
7726,3
3623,3
866,3
8229,3
3814,3
195,3
7674,3
8498,3
621,3
5597,3
1841,3
4325,3
3000,3
6187,3
9124,3
2538,3
3489,3
5218,3
9352,3
2546,3
2166,3
5546,3
9364,3
2272,3
7812,3
8655,3
8258,3
1575,3
6119,3
1839,3
6499,3
9051,3
3487,3
3187,3
5456,3
6770,3
3486,3
5875,3
928,3
3806,3
5584,3
8512,3
9079,3
7150,3
5362,3
5210,3
5996,3
2850,3
4187,3
4530,3
6324,3
5310,3
6884,3
4694,3
5710,3
6495,3
4480,3
686,3
5536,3
4596,3
2124,3
2613,3
4430,3
7267,3
8892,3
3061,3
9390,3
1896,3
9538,3
6639,3
5755,3
5440,3
4023,3
5436,3
674,3
8219,3
2968,3
5322,3
9059,3
9185,3
7169,3
7579,3
5229,3
9388,3
9280,3
1132,3
1390,3
2544,4
3499,4
5406,4
547,4
8844,4
8550,4
439,4
7633,4
6523,4
3988,4
2532,4
1134,4
9138,4
8925,4
5832,4
370,4
7248,4
1528,4
163,4
4818,4
3878,4
4249,4
6768,4
8490,4
3956,4
1480,4
6986,4
2623,4
4305,4
5170,4
5408,4
4700,4
3412,4
7685,4
9202,4
5204,4
8004,4
448,4
2144,4
2208,4
3591,4
3193,4
6857,4
6982,4
3233,4
3046,4
8254,4
4576,4
3523,4
4487,4
6772,4
8789,4
5214,4
5958,4
4947,4
5468,4
9002,4
8046,4
3229,4
8488,4
291,4
183,4
9118,4
5370,4
7258,4
651,4
2936,4
9376,4
7919,4
3258,4
1936,4
5342,4
9254,4
1488,4
311,4
6103,4
1597,4
2162,4
443,4
3288,4
374,4
9577,4
3805,4
1972,4
6956,4
4373,4
9278,4
2900,4
3149,4
5905,4
2202,4
3215,4
1062,4
9218,4
7879,4
127,4
713,4
4477,4
3465,4
1110,4
5765,4
7824,4
1530,4
5274,4
4958,4
8387,4
5380,4
6456,4
5893,4
4406,4
545,4
9180,4
9468,4
5645,4
1356,4
244,4
9370,4
6419,4
5934,4
8840,4
469,4
609,4
2882,4
505,4
8234,4
93,4
4482,4
1309,4
7243,4
9316,4
3179,4
7319,4
125,4
4727,4
5554,4
7748,4
4497,4
153,4
3222,4
9013,4
497,4
5410,4
5658,4
649,4
2072,4
9595,4
2239,4
1508,4
2467,4
7980,4
2709,4
8608,4
4317,4
6637,4
7197,4
2016,4
1837,4
4718,4
6684,4
5198,4
3829,4
1978,4
821,4
7846,4
8040,4
3390,4
1172,4
3252,4
7191,4
8653,4
1724,4
2384,4
8936,4
5404,4
2241,4
5383,4
2000,4
7810,4
4167,4
4591,4
8757,4
3491,4
4872,4
7589,4
6163,4
7774,4
3434,4
3282,4
9258,4
707,4
1020,4
8088,4
8502,4
3073,4
7593,4
109,4
9246,4
3099,4
611,4
8186,4
9763,4
7629,4
4141,4
2902,4
3741,4
2213,4
4349,4
9362,4
3171,4
2930,4
2341,4
5424,4
7766,4
3016,4
9004,4
2303,4
3338,4
8769,4
1954,4
2062,4
8787,4
2405,4
9492,4
6403,4
1661,4
6533,4
8190,4
8781,4
6726,4
7891,4
4029,4
3088,4
3521,4
643,4
3948,4
1599,4
2944,4
2816,4
2670,4
5783,4
7806,4
7929,4
4534,4
493,4
6061,4
2687,4
2978,4
4398,4
7218,4
3615,4
3874,4
9270,4
392,4
884,4
3803,4
1066,4
3062,4
7341,4
6454,4
3832,4
1250,4
4816,4
5454,4
5718,4
2111,4
619,4
7698,4
8132,4
5744,4
2242,4
8528,4
4612,4
3581,4
1034,4
1982,4
6429,4
7291,4
5651,4
8649,4
455,4
2143,4
5948,4
422,4
8911,4
743,4
4112,4
2262,4
5231,4
8223,4
8221,4
4104,4
2562,4
2442,4
1555,4
88,4
8166,4
3685,4
4213,4
1082,4
1443,4
3249,4
4035,4
6748,4
2491,4
327,4
3944,4
9336,4
5480,4
7157,4
8540,4
8735,4
4067,4
41,4
3900,4
2585,4
8663,4
2558,4
207,4
6153,4
8538,4
9404,4
8214,4
5514,4
861,4
1289,4
2090,4
3983,4
1072,4
8192,4
225,4
4341,4
787,4
4400,4
916,4
75,4
6217,4
2235,4
1690,4
9130,4
3723,4
253,4
9548,4
4375,4
666,4
2156,4
8418,4
4017,4
9308,4
4686,4
7604,4
1863,4
4237,4
538,4
1538,4
1629,4
3426,4
7089,4
8264,4
1756,4
3511,4
7067,4
4285,4
5846,4
5858,4
6401,5
5787,5
4207,5
7678,5
7220,5
4628,5
8116,5
8697,5
8269,5
8767,5
6211,5
9466,5
7038,5
3262,5
5183,5
5672,5
5156,5
9446,5
7854,5
7899,5
3153,5
8659,5
5601,5
8616,5
5634,5
8333,5
8848,5
5748,5
1876,5
7608,5
3038,5
2224,5
5591,5
7055,5
7558,5
8842,5
1282,5
9238,5
2436,5
3603,5
5815,5
3467,5
2079,5
2864,5
4091,5
5484,5
2518,5
4079,5
5869,5
3430,5
8158,5
2196,5
6449,5
7338,5
6935,5
2764,5
6359,5
7179,5
3655,5
4737,5
2818,5
7269,5
9220,5
6399,5
6863,5
806,5
6233,5
2844,5
364,5
7756,5
1801,5
8554,5
2548,5
3227,5
8775,5
1651,5
4660,5
3336,5
9524,5
8594,5
2211,5
4177,5
8518,5
2591,5
6574,5
6865,5
3084,5
773,5
3050,5
6480,5
5376,5
6485,5
5255,5
2786,5
1363,5
1536,5
1915,5
6209,5
2977,5
1100,5
3078,5
5282,5
4345,5
3406,5
8389,5
9478,5
4723,5
3699,5
7567,5
9192,5
3286,5
6332,5
299,5
2566,5
8641,5
7776,5
3091,5
6241,5
4169,5
2724,5
3816,5
2934,5
4185,5
3531,5
5426,5
8913,5
6521,5
8322,5
7962,5
7219,5
377,5
7947,5
8227,5
8209,5
7223,5
2322,5
6617,5
6219,5
9621,5
5438,5
3107,5
1807,5
2163,5
9704,5
1210,5
8699,5
6669,5
331,5
3563,5
6605,5
982,5
8657,5
8886,5
6762,5
1960,5
3585,5
3527,5
5038,5
6014,5
4440,5
7712,5
2898,5
8073,5
7860,5
2371,5
7782,5
958,5
2070,5
3052,5
1859,5
7660,5
730,5
9081,5
2068,5
5179,5
467,5
3471,5
2194,5
113,5
678,5
3191,5
1641,5
3824,5
8250,5
8242,5
3790,5
9039,5
4564,5
7073,5
1331,5
7664,5
1617,5
4901,5
9156,5
3898,5
8194,5
4862,5
6016,5
1867,5
7670,5
6861,5
3625,5
7274,5
7897,5
9660,5
2788,5
2808,5
6299,5
3567,5
1164,5
2369,5
7111,5
9438,5
990,5
3755,5
4354,5
1130,5
7215,5
7594,5
2631,5
345,5
6609,5
6635,5
1122,5
5589,5
595,5
878,5
2962,5
3034,5
8231,5
7964,5
9055,5
8807,5
1335,5
8460,5
6898,5
6314,5
1370,5
3209,5
7336,5
8182,5
7862,5
6813,5
684,5
6248,5
338,5
98,5
4414,5
4007,5
9708,5
6350,5
8827,5
2748,5
9605,5
5200,5
7739,5
8172,5
2050,5
2925,5
7139,5
1928,5
4061,5
4741,5
5901,5
569,5
7796,5
5350,5
9546,5
4620,5
1686,5
3032,5
1439,5
4588,5
7141,5
245,5
2013,5
5300,5
1421,5
4033,5
8282,5
1748,5
8858,5
8071,5
5854,5
3223,5
3316,5
229,5
1572,5
8069,5
3989,5
7711,5
1551,5
1927,5
2674,5
283,5
255,5
8275,5
1803,5
5785,5
8428,5
1202,5
9522,5
4540,5
1738,5
6000,5
3541,5
3801,5
5850,5
1879,5
3533,5
9035,5
8077,5
4283,5
8442,5
1774,5
6655,5
6347,5
7596,5
4255,5
5899,5
5821,5
2776,5
567,5
2720,5
2884,5
3082,5
9112,5
6395,5
6596,5
1033,5
8236,5
4560,5
1432,5
1734,5
3111,5
9680,5
6474,5
960,5
461,5
3673,5
6165,5
2706,5
2579,5
4698,5
561,5
4193,5
9615,5
5777,5
5924,5
7702,5
1885,5
5873,5
4295,5
235,5
9709,5
4424,5
1658,5
6657,5
6728,5
962,5
7166,5
7627,5
7186,5
6161,5
5746,6
7304,6
4241,6
1192,6
8440,6
6169,6
623,6
6018,6
525,6
3936,6
2160,6
2954,6
2790,6
6859,6
3497,6
6207,6
9482,6
2990,6
8336,6
1889,6
4369,6
9045,6
829,6
8598,6
5922,6
1522,6
6117,6
6197,6
1338,6
5830,6
4444,6
2008,6
5817,6
1534,6
1613,6
2485,6
5259,6
5147,6
8381,6
4692,6
9426,6
9162,6
8238,6
2998,6
9631,6
7320,6
6607,6
273,6
1142,6
1473,6
8723,6
1012,6
9392,6
9298,6
2933,6
7546,6
8588,6
5965,6
6071,6
1413,6
8729,6
6151,6
9196,6
1660,6
7137,6
6409,6
7982,6
2913,6
2782,6
3840,6
7206,6
8934,6
6025,6
4606,6
6253,6
5012,6
3340,6
177,6
7315,6
9306,6
1354,6
8586,6
3386,6
81,6
4640,6
5168,6
3503,6
1855,6
2698,6
577,6
7230,6
8614,6
1029,6
6551,6
6201,6
82,6
8373,6
8669,6
6415,6
379,6
3475,6
2746,6
8983,6
2018,6
5763,6
5239,6
4313,6
8522,6
9654,6
5795,6
8438,6
5910,6
45,6
2970,6
5545,6
1688,6
9766,6
1677,6
7013,6
8971,6
2878,6
9560,6
4961,6
7613,6
890,6
1150,6
1639,6
3761,6
287,6
5296,6
4522,6
6798,6
1126,6
4116,6
5356,6
6643,6
7173,6
7152,6
1940,6
715,6
9366,6
9454,6
7126,6
9092,6
6267,6
7222,6
3392,6
6592,6
2040,6
6800,6
3954,6
5560,6
988,6
6718,6
9593,6
4418,6
8975,6
3681,6
317,6
2994,6
9182,6
3292,6
6043,6
4095,6
8838,6
8693,6
1120,6
6371,6
4159,6
3455,6
4289,6
2867,6
8353,6
8244,6
4558,6
5308,6
7045,6
6366,6
9490,6
6952,6
8022,6
1670,6
7069,6
8612,6
4359,6
1243,6
7848,6
7706,6
984,6
779,6
1457,6
4243,6
2453,6
7852,6
8685,6
4307,6
2654,6
4009,6
4205,6
5366,6
4117,6
1024,6
733,6
3450,6
2320,6
5024,6
2471,6
3735,6
2678,6
5430,6
8327,6
9743,6
8821,6
7951,6
6804,6
6697,6
6893,6
1445,6
2680,6
4888,6
8205,6
2714,6
5326,6
5472,6
6507,6
8743,6
2327,6
7714,6
1410,6
5294,6
2800,6
7303,6
485,6
529,6
4526,6
6179,6
6257,6
102,6
1218,6
8542,6
6871,6
5582,6
7743,6
6556,6
1152,6
7577,6
398,6
880,6
7658,6
1084,6
6853,6
2722,6
8032,6
9568,6
9108,6
4081,6
4869,6
9136,6
3717,6
8568,6
777,6
6478,6
8036,6
7680,6
1540,6
6471,6
2226,6
2132,6
2599,6
1212,6
8162,6
2395,6
7007,6
5502,6
5666,6
1893,6
1266,6
5734,6
7183,6
7051,6
7091,6
8938,6
1589,6
8508,6
1746,6
3733,6
509,6
2268,6
9126,6
5803,6
1663,6
3886,6
653,6
6756,6
5330,6
8056,6
5290,6
8777,6
5649,6
4676,6
7184,6
51,6
6384,6
5398,6
5488,6
5811,6
3697,6
9128,6
9566,6
7931,6
6641,6
1277,6
7224,6
2826,6
2507,6
9422,6
5195,6
5586,6
7822,6
5674,6
428,6
8168,6
2601,6
582,6
6515,6
2564,6
7174,6
3105,6
1764,6
6964,6
3820,6
5446,6
8580,6
2846,6
1934,6
8075,6
32,6
5452,6
2495,6
8882,6
6705,6
1649,6
5149,6
449,6
9516,6
5866,6
922,6
6873,6
2856,6
1869,6
4624,6
951,6
3235,6
1036,6
144,6
6433,6
9332,6
1730,6
3601,6
7668,6
6476,6
5522,6
1714,6
6527,6
563,7
3871,7
7758,7
7662,7
3185,7
6131,7
7287,7
8144,7
6645,7
4785,7
1514,7
2993,7
8383,7
7227,7
4822,7
6421,7
9486,7
7804,7
6796,7
8038,7
5364,7
7316,7
3284,7
8305,7
7144,7
3189,7
4474,7
9639,7
7079,7
333,7
8476,7
231,7
8098,7
6933,7
4578,7
4610,7
4828,7
6760,7
1778,7
2812,7
5162,7
1871,7
2798,7
9650,7
785,7
8576,7
1279,7
4173,7
1329,7
4674,7
7244,7
1430,7
3344,7
1512,7
4025,7
7117,7
6231,7
4235,7
8560,7
384,7
7162,7
3436,7
4133,7
8048,7
9472,7
631,7
4077,7
6754,7
2752,7
4231,7
2180,7
1994,7
575,7
1064,7
233,7
8797,7
9230,7
1736,7
4047,7
701,7
533,7
9735,7
4261,7
8472,7
4137,7
8452,7
380,7
9400,7
3619,7
2473,7
9702,7
3710,7
2760,7
5952,7
3290,7
6417,7
4110,7
8836,7
1647,7
9664,7
2397,7
3422,7
7307,7
8928,7
5222,7
7746,7
1274,7
3877,7
1031,7
5732,7
5998,7
9358,7
1080,7
2640,7
2104,7
9160,7
3418,7
3771,7
8018,7
1304,7
8365,7
5044,7
1162,7
9398,7
6671,7
3113,7
1911,7
8375,7
1315,7
3461,7
9646,7
3995,7
1605,7
2888,7
8184,7
7676,7
9536,7
6891,7
8703,7
1948,7
53,7
3938,7
8042,7
6996,7
7921,7
1174,7
269,7
5615,7
5627,7
9212,7
4273,7
3669,7
8062,7
5176,7
9120,7
1186,7
6123,7
2756,7
9574,7
3254,7
1692,7
140,7
2337,7
6966,7
7116,7
307,7
8831,7
8895,7
8363,7
5715,7
5193,7
3269,7
2082,7
8880,7
7096,7
6541,7
9096,7
7149,7
5509,7
7895,7
2355,7
376,7
2838,7
7704,7
3985,7
5172,7
6069,7
6057,7
9406,7
4442,7
4538,7
952,7
2908,7
1302,7
3396,7
8725,7
281,7
8707,7
2373,7
8318,7
7762,7
4263,7
7911,7
4367,7
8325,7
8969,7
1996,7
6159,7
7270,7
8749,7
998,7
4335,7
3882,7
5838,7
6,7
50,7
8337,7
6239,7
1560,7
5164,7
4432,7
8973,7
9266,7
1913,7
267,7
531,7
3961,7
9576,7
7816,7
739,7
5836,7
709,7
2455,7
1583,7
9154,7
9520,7
7085,7
4602,7
2388,7
5145,7
7927,7
3167,7
6133,7
3529,7
4600,7
157,7
3362,7
6659,7
6382,7
5434,7
4944,7
511,7
7718,7
7598,7
1388,7
285,7
3743,7
8094,7
2501,7
3942,7
7838,7
7834,7
5385,7
3517,7
1932,7
4505,7
8632,7
8604,7
8514,7
699,7
4735,7
3354,7
4798,7
6127,7
2248,7
8079,7
9416,7
3020,7
3963,7
7237,7
2252,7
1042,7
8010,7
717,7
4770,7
7716,7
2552,7
1829,7
5956,7
7138,7
4013,7
896,7
5844,7
8170,7
9374,7
2295,7
9504,7
4049,7
5960,7
5220,7
3713,7
4808,7
7318,7
2222,7
4381,7
7233,7
4083,7
1004,7
8345,7
1665,7
6125,7
8432,7
9609,7
4460,7
4710,7
1238,7
4462,7
6849,7
4053,7
892,7
1857,7
9178,7
1182,7
3350,7
491,7
659,7
1762,7
9262,7
4568,7
2658,7
5690,7
9662,7
9071,7
4800,7
346,7
2172,7
1684,7
2029,7
5568,7
6111,7
353,7
2289,7
3366,7
7770,7
3448,7
8014,7
579,7
9075,7
1453,7
2716,7
1520,7
5738,7
8921,7
8987,7
3780,7
3561,7
9534,7
5791,7
6051,7
7057,7
24,7
1577,7
3703,7
6736,7
6918,8
864,8
3124,8
9514,8
6149,8
3169,8
9380,8
4464,8
3621,8
3749,8
7994,8
1587,8
2692,8
2682,8
6189,8
9719,8
1585,8
4907,8
4729,8
6497,8
9706,8
2581,8
4155,8
4426,8
5613,8
340,8
3765,8
835,8
9073,8
329,8
4135,8
4802,8
3064,8
6063,8
1232,8
3653,8
96,8
2035,8
6329,8
3525,8
8862,8
7856,8
8207,8
9114,8
4409,8
4428,8
3243,8
8152,8
9613,8
6600,8
3463,8
4542,8
6223,8
5926,8
4648,8
6558,8
197,8
1786,8
4755,8
3208,8
1408,8
4544,8
8548,8
5912,8
4195,8
2359,8
1406,8
3679,8
186,8
7724,8
8081,8
2511,8
5988,8
2688,8
6059,8
7883,8
9350,8
9542,8
4761,8
1156,8
3796,8
3018,8
8211,8
4720,8
2772,8
3810,8
1813,8
8909,8
5496,8
2027,8
189,8
6271,8
9635,8
453,8
2060,8
4201,8
9414,8
697,8
8997,8
9725,8
7966,8
7102,8
1056,8
8771,8
6338,8
870,8
9729,8
5233,8
6776,8
2487,8
8763,8
672,8
8635,8
7617,8
797,8
3298,8
7836,8
5753,8
4197,8
9244,8
5189,8
8556,8
9642,8
8709,8
6045,8
8134,8
4592,8
7619,8
8140,8
9711,8
9554,8
3693,8
551,8
8414,8
8667,8
1545,8
4751,8
7887,8
5720,8
3264,8
9480,8
8721,8
161,8
1821,8
9222,8
4422,8
5263,8
7254,8
4402,8
7646,8
823,8
7175,8
2010,8
7299,8
8454,8
1222,8
1314,8
801,8
6177,8
9597,8
6535,8
1956,8
5824,8
8956,8
9232,8
9322,8
6462,8
6740,8
2607,8
445,8
5680,8
3093,8
4271,8
1276,8
3649,8
2141,8
3183,8
8100,8
3950,8
3505,8
1633,8
6322,8
3661,8
2481,8
2810,8
523,8
489,8
1607,8
8361,8
9396,8
8747,8
7204,8
5572,8
9498,8
7225,8
111,8
117,8
2189,8
5932,8
5969,8
1102,8
8610,8
4656,8
9430,8
4219,8
1792,8
6547,8
2762,8
7331,8
3058,8
362,8
3360,8
6840,8
9010,8
1526,8
688,8
142,8
3260,8
8592,8
3308,8
5331,8
2513,8
3165,8
8095,8
495,8
9436,8
1919,8
4333,8
8150,8
587,8
5482,8
1985,8
6035,8
4670,8
948,8
6293,8
4051,8
4652,8
2345,8
5490,8
1026,8
9027,8
5580,8
3958,8
8118,8
1128,8
4507,8
905,8
1728,8
7984,8
934,8
3753,8
6002,8
5670,8
9100,8
9444,8
6482,8
8850,8
7978,8
9043,8
3543,8
4408,8
1696,8
2407,8
8903,8
7098,8
9607,8
4355,8
3070,8
8446,8
862,8
441,8
6263,8
6836,8
1038,8
4672,8
8248,8
2960,8
3239,8
705,8
9731,8
4493,8
7099,8
6334,8
1428,8
2234,8
9330,8
6519,8
1579,8
2848,8
4063,8
43,8
2136,8
9037,8
263,8
9208,8
2528,8
9682,8
7760,8
1490,8
2375,8
3896,8
1002,8
9688,8
817,8
3559,8
5530,8
8016,8
6560,8
5564,8
4045,8
3651,8
1248,8
84,8
2840,8
7686,8
2052,8
8741,8
9456,8
3664,8
4108,8
435,8
5271,8
9464,8
3348,8
8260,8
3358,8
2318,8
1593,8
7168,8
4484,8
9587,8
6278,8
3892,8
9757,8
1224,8
6888,8
6274,8
2926,8
541,8
7246,8
3211,8
3440,8
3217,8
918,8
1849,8
3364,8
6525,8
7071,8
6778,8
1380,8
249,8
9755,8
6906,8
1461,8
8890,8
3701,8
762,8
7213,8
221,8
6256,8
3495,8
8755,8
750,8
517,9
1562,9
6065,9
837,9
8136,9
4121,9
9570,9
5494,9
2710,9
2982,9
834,9
6261,9
69,9
2465,9
1788,9
2291,9
5950,9
3199,9
3894,9
825,9
9601,9
1772,9
3671,9
1295,9
6185,9
2980,9
759,9
4181,9
4604,9
4089,9
5632,9
7110,9
3416,9
2542,9
3054,9
3256,9
2704,9
9338,9
7923,9
8791,9
6806,9
1942,9
4331,9
34,9
8995,9
726,9
8717,9
8574,9
3782,9
4456,9
719,9
5940,9
8406,9
7631,9
2287,9
4688,9
9172,9
3195,9
5418,9
1319,9
3424,9
8989,9
8630,9
2493,9
8347,9
1285,9
1975,9
7720,9
2824,9
932,9
8444,9
4834,9
5181,9
5907,9
3394,9
4031,9
6766,9
6545,9
61,9
1831,9
1482,9
8391,9
356,9
8484,9
8733,9
193,9
601,9
313,9
7722,9
5208,9
2917,9
3090,9
8320,9
7242,9
1790,9
3026,9
5742,9
1880,9
1200,9
6910,9
4221,9
9532,9
7937,9
3769,9
1655,9
4183,9
5314,9
5306,9
6173,9
970,9
8271,9
7163,9
6365,9
5265,9
3818,9
1901,9
5889,9
9652,9
4550,9
8570,9
5247,9
1325,9
4404,9
7148,9
1591,9
5516,9
507,9
4101,9
1339,9
1625,9
8343,9
1950,9
8981,9
8566,9
335,9
6588,9
603,9
6620,9
73,9
9152,9
2414,9
4682,9
1568,9
8,9
7273,9
7208,9
6984,9
431,9
7271,9
4165,9
4791,9
3175,9
4528,9
5249,9
4293,9
3048,9
4622,9
8450,9
3997,9
1451,9
1706,9
2750,9
4175,9
7996,9
7581,9
3219,9
5694,9
1823,9
2820,9
4039,9
1627,9
6594,9
3157,9
4708,9
549,9
2860,9
9452,9
902,9
4253,9
4654,9
6335,9
1992,9
6225,9
5976,9
4365,9
4394,9
4556,9
1799,9
4217,9
8852,9
3444,9
2393,9
2668,9
5944,9
2780,9
9023,9
5458,9
8196,9
9528,9
8349,9
2215,9
6447,9
4438,9
7093,9
8278,9
6464,9
7187,9
4491,9
3787,9
858,9
7019,9
3783,9
6221,9
406,9
2246,9
3133,9
6509,9
2329,9
7737,9
6157,9
8578,9
3691,9
2170,9
2922,9
6622,9
807,9
2280,9
3181,9
8856,9
9324,9
8506,9
7820,9
3721,9
6947,9
9188,9
5432,9
4027,9
3856,9
4327,9
2343,9
5607,9
6822,9
3143,9
5769,9
888,9
3647,9
8536,9
6193,9
7283,9
358,9
4055,9
2928,9
8280,9
6566,9
6570,9
4866,9
1851,9
7147,9
1273,9
2362,9
5526,9
6598,9
3687,9
6855,9
6357,9
7115,9
8713,9
5639,9
7788,9
3862,9
5257,9
3429,9
3161,9
8044,9
7910,9
6466,9
8148,9
3378,9
3300,9
8582,9
3555,9
8854,9
2742,9
543,9
3312,9
1394,9
7611,9
1883,9
275,9
7708,9
4928,9
8106,9
4387,9
6297,9
7569,9
4714,9
2664,9
9049,9
9268,9
1532,9
9658,9
9006,9
856,9
1917,9
2556,9
2873,9
7656,9
2730,9
4071,9
2004,9
1752,9
155,9
1194,9
5643,9
4662,9
5360,9
2830,9
5302,9
7312,9
8422,9
4636,9
7621,9
7933,9
2353,9
8711,9
420,9
6330,9
1635,9
1892,9
6505,9
4163,9
1570,9
3926,9
2700,9
3103,9
8114,9
9090,9
100,9
1694,9
4632,9
3404,9
4396,9
6006,9
3812,9
30,9
4899,9
4363,9
4742,9
6572,9
1220,9
8108,9
4773,9
6931,9
2672,9
6029,9
655,9
7600,9
8084,9
5593,9
2489,9
2403,9
1900,9
8705,9
9581,9
1386,9
3012,9
8408,9
4093,9
